{"inici": [241, -7], "c": [{"classe": "camí", "coords":{
"x":[99, 98,   91,  74,  72,  56,  41,   8,  -8,  -1, -24, -40, -61, -101, -120, -136, -112, -86, -71, -48, -31,  3, 20, 40, 51, 63, 84, 105, 105, 105, 241],
"y":[-7, -32, -45, -57, -39, -56, -88, -79, -66, -60, -75, -68, -29,  -19,   18,   36,   40,  77, 120, 123, 116, 88, 79, 56, 26, 11,  5,   5, -5,  -3,  -3]}},
{"classe": "arc", "coords":{"centre": [271, -5], "x": 241, "y": -3, "r": 30, "a0": 3.05829, "a1": 3.22489}}]}
